10.0.0.1;AngularAnna;1
10.0.0.2;VueVictor;1
10.0.0.3;KasperskyKlaus;1
10.0.0.4;JavaJames;1
10.0.0.5;ExcelEmma;1
10.0.0.6;FirewallFreddy;1
10.0.0.7;IntrusionIngo;1
10.0.0.8;SiemSally;1
10.0.0.9;CyberCarl;1
10.0.0.10;PrinterPetra;1
10.0.0.11;VirtualVeronica;1
10.0.0.12;HackerHenry;1
10.0.0.13;PythonPaul;1
10.0.0.14;DockerDani;1
10.0.0.15;RooterRichard;1
10.0.0.16;WindowsWalter;1
10.0.0.17;PerlPatricia;1
10.0.0.18;FortranFabi;1
10.0.0.19;MarkupManfred;1
10.0.0.20;BashBene;1
10.0.0.21;PhishingPhilip;1
10.0.0.22;WorkstationWerner;1
